PDB_ID,ligand_ID,Links,Smile (canonical-CACTVS_V3.385),Molecular_Weight,Heavy_Atom_Count,Ring_Count,Rotatable_Bond_Count,LogP,HBA_Count,HBD_Count,TPSA,Aromatic_Rings,Aliphatic_Rings
5HXB,85C,https://www.rcsb.org/ligand/85C,Cc1ccc(NC(=O)NCc2ccc3c(CN([C@H]4CCC(=O)NC4=O)C3=O)c2)cc1Cl,440.88700000000017,31,4,4,2.7311200000000007,4,3,107.60999999999999,2,2
5T35,759,https://www.rcsb.org/ligand/759,CC1=C(SCN1)c2ccc(CNC(=O)[C@@H]3C[C@@H](O)CN3C(=O)[C@@H](NC(=O)COCCOCCOCCNC(=O)C[C@@H]4N=C(c5ccc(Cl)cc5)c6c(C)c(C)sc6n7c(C)nnc47)C(C)(C)C)cc2,1004.6769999999996,69,7,20,5.147160000000008,15,5,210.62999999999994,4,3
6BN7,RN3,https://www.rcsb.org/ligand/RN3,COC(=O)C[C@@H]1N=C(c2ccc(Cl)cc2)c3c(C)c(sc3n4c(C)nnc14)C(=O)NCCCCCCCCNC(=O)COc5cccc6C(=O)N([C@H]7CCC(=O)NC7=O)C(=O)c56,885.3999999999997,62,7,17,4.721040000000003,14,3,220.34999999999997,4,3
6BOY,RN6,https://www.rcsb.org/ligand/RN6,Cc1sc2n3c(C)nnc3[C@H](CC(=O)NCCCCCCCCNC(=O)COc4cccc5C(=O)N([C@H]6CCC(=O)NC6=O)C(=O)c45)N=C(c7ccc(Cl)cc7)c2c1C,841.391,59,7,16,5.242860000000005,12,3,194.05,4,3
6HAX,FWZ,https://www.rcsb.org/ligand/FWZ,Cc1ncsc1c2ccc(CNC(=O)[C@@H]3C[C@@H](O)CN3C(=O)[C@@H](NC(=O)C4(F)CC4)C(C)(C)C)c(OCCc5ccc(CN6CCN(CC6)c7cc(nnc7N)c8ccccc8O)cc5)c2,920.1249999999994,66,8,15,5.418020000000005,13,5,199.37,5,3
6HAY,FX8,https://www.rcsb.org/ligand/FX8,Cc1ncsc1c2ccc(CNC(=O)[C@@H]3C[C@@H](O)CN3C(=O)[C@@H](NC(=O)C4(F)CC4)C(C)(C)C)c(OCCOCCOCCN5CCN(CC5)c6cc(nnc6N)c7ccccc7O)c2,918.1059999999993,65,7,19,3.7085200000000027,15,5,217.82999999999998,4,3
6HR2,FWZ,https://www.rcsb.org/ligand/FWZ,Cc1ncsc1c2ccc(CNC(=O)[C@@H]3C[C@@H](O)CN3C(=O)[C@@H](NC(=O)C4(F)CC4)C(C)(C)C)c(OCCc5ccc(CN6CCN(CC6)c7cc(nnc7N)c8ccccc8O)cc5)c2,920.1249999999994,66,8,15,5.418020000000005,13,5,199.37,5,3
6SIS,LFE,https://www.rcsb.org/ligand/LFE,Cc1sc2n3c(C)nnc3[C@H](CC(=O)N[C@H]4COCCOCCOCC(=O)N[C@H](C(=O)N5C[C@H](O)C[C@H]5C(=O)NCc6ccc(cc6OCCOCCOC4)c7scnc7C)C(C)(C)C)N[C@@H](c8ccc(Cl)cc8)c2c1C,1120.7929999999994,77,8,5,5.2324800000000105,18,5,238.85,5,3
6ZHC,QL8,https://www.rcsb.org/ligand/QL8,Cc1ncsc1c2ccc(CNC(=O)[C@@H]3C[C@@H](O)CN3C(=O)[C@@H](NC(=O)CCOCCOCCOCCOCCOCCOCC#Cc4ccc(OCCCc5sc(nc5C(O)=O)N6CCc7cccc(C(=O)Nc8sc9ccccc9n8)c7C6)cc4)C(C)(C)C)cc2,1329.6309999999992,93,9,34,8.35982000000001,20,5,271.6599999999999,7,2
6W8I,TKY,https://www.rcsb.org/ligand/TKY,CN[C@@H](C)C(=O)N[C@H](C(=O)N1Cc2cc(OCCOCCOCCOCCOCCOC(=O)N3CCC[C@H](C3)n4nc(c5ccc(Oc6ccc(F)cc6F)cc5)c(C(N)=O)c4N)ccc2C[C@H]1C(=O)N[C@@H]7CCCc8ccccc78)C(C)(C)C,1180.3609999999994,85,8,27,6.806500000000011,16,5,262.39000000000004,5,3
6W7O,TL7,https://www.rcsb.org/ligand/TL7,CN[C@@H](C)C(=O)N[C@H](C(=O)N1Cc2cc(OCc3cnc(COC(=O)N4CCC[C@H](C4)n5nc(c6ccc(Oc7ccc(F)cc7F)cc6)c(C(N)=O)c5N)cn3)ccc2C[C@H]1C(=O)N[C@@H]8CCCc9ccccc89)C(C)(C)C,1082.2229999999993,79,9,16,7.230300000000006,14,5,251.25000000000003,6,3
6XK9,V4M,https://www.rcsb.org/ligand/V4M,FC(F)(C(=O)NCc1ccc2c(CN([C@H]3CCC(=O)NC3=O)C2=O)c1)c4ccc(Cl)cc4,461.8520000000001,32,4,5,2.5092000000000008,4,2,95.58000000000001,2,2
7KHH,WEP,https://www.rcsb.org/ligand/WEP,CN1C=C2c3cc(C[S](C)(=O)=O)c(cc3N(Cc4c[nH]c(C1=O)c24)c5ncc(F)cc5F)C(=O)NCCCCCCCCCCC(=O)N[C@H](C(=O)N6C[C@H](O)C[C@H]6C(=O)NCc7ccc(cc7)c8scnc8C)C(C)(C)C,1096.3369999999986,77,8,21,7.88482000000001,13,5,228.78999999999996,6,2
7LPS,RN9,https://www.rcsb.org/ligand/RN9,Cc1ccc(NC(=O)CCc2cccc(NC3=CC(=O)N([C@H]4CCC(=O)NC4=O)C3=O)c2)cc1Cl,494.9350000000003,35,4,7,2.68952,6,3,124.68,2,2
7PI4,7QB,https://www.rcsb.org/ligand/7QB,CNC(=O)c1ccccc1Nc2cc(Nc3ccc(cc3OC)N4CCN(CC4)CC(=O)N[C@H](C(=O)N5C[C@H](O)C[C@H]5C(=O)N[C@@H](C)c6ccc(cc6)c7scnc7C)C(C)(C)C)ncc2C(F)(F)F,985.147,70,7,15,6.8798200000000085,13,6,193.39,5,2
7JTO,VKA,https://www.rcsb.org/ligand/VKA,CN1CCN(CC1)c2ccc(cc2NC(=O)C3=C(CC(=O)N=C3)C(F)(F)F)c4cccc(CN5CCN(CCNC(=O)CCCCCCCCCC(=O)N[C@H](C(=O)N6C[C@H](O)C[C@H]6C(=O)NCc7ccc(cc7)c8scnc8C)C(C)(C)C)CC5)c4,1208.5069999999987,86,8,25,7.8896200000000105,13,5,212.21999999999997,4,4
7JTP,X6M,https://www.rcsb.org/ligand/X6M,C[C@@H]1CN(C[C@H](C)N1C)c2ccc(cc2NC(=O)C3=CNC(=O)C=C3C(F)(F)F)c4cc(ccc4F)C(=O)NCC(=O)N[C@H](C(=O)N5C[C@H](O)C[C@H]5C(=O)N[C@@H](C)c6ccc(cc6)c7scnc7C)C(C)(C)C,1030.1589999999994,73,7,13,6.512720000000007,11,6,209.16999999999996,5,2
7Q2J,8KH,https://www.rcsb.org/ligand/8KH,CN1CCN(CC1)c2ccc(cc2NC(=O)C3=CNC(=O)C=C3C(F)(F)F)c4ccc(cc4)C(=O)NCCCCC(=O)N[C@H](C(=O)N5C[C@H](O)C[C@H]5C(=O)NCc6ccc(cc6)c7scnc7C)C(C)(C)C,1012.1689999999994,72,7,16,6.205920000000006,11,6,209.16999999999996,5,2
7Z6L,IEI,https://www.rcsb.org/ligand/IEI,Cc1ncsc1c2ccc(CNC(=O)[C@@H]3C[C@@H](O)CN3C(=O)[C@@H](NC(=O)C4(F)CC4)C(C)(C)C)c(OCCCN5CCC(CC5)c6ccc7N8c9cccc(Br)c9C(=O)N=C8N(C%10CCCC%10)c7c6)c2,1038.0979999999993,70,10,14,8.371420000000006,12,3,163.39999999999998,6,4
7ZNT,IZR,https://www.rcsb.org/ligand/IZR,Cc1sc2n3c(C)nnc3[C@H](CC(=O)NCCCCCCSC(C)(C)[C@H](NC(=O)C4(F)CC4)C(=O)N5C[C@H](O)C[C@H]5C(=O)NCc6ccc(cc6)c7scnc7C)N=C(c8ccc(Cl)cc8)c2c1C,1016.7319999999997,69,8,19,8.07508000000001,13,4,183.8,5,3
7S4E,87A,https://www.rcsb.org/ligand/87A,Cc1ncsc1c2ccc(CNC(=O)[C@@H]3C[C@@H](O)CN3C(=O)[C@@H](NC(=O)C4(F)CC4)C(C)(C)C)c(OCCOc5ccc(CN6CCN(CC6)c7cc(nnc7N)c8ccccc8O)cc5)c2,936.1239999999995,67,8,16,5.254320000000005,14,5,208.60000000000002,5,3
8BB2,Q3X,https://www.rcsb.org/ligand/Q3X,CN1CCN(CC1)c2ccc(cc2NC(=O)c3cnc(O)cc3C(F)(F)F)c4ccc(cc4)C(=O)NCCOCCOCCOCCOCCC(=O)N[C@H](C(=O)N5C[C@H](O)C[C@H]5C(=O)NCc6ccc(cc6)c7scnc7C)C(C)(C)C,1160.3269999999986,82,7,26,5.904420000000007,16,6,246.35000000000002,5,2
8BB3,Q3X,https://www.rcsb.org/ligand/Q3X,CN1CCN(CC1)c2ccc(cc2NC(=O)c3cnc(O)cc3C(F)(F)F)c4ccc(cc4)C(=O)NCCOCCOCCOCCOCCC(=O)N[C@H](C(=O)N5C[C@H](O)C[C@H]5C(=O)NCc6ccc(cc6)c7scnc7C)C(C)(C)C,1160.3269999999986,82,7,26,5.904420000000007,16,6,246.35000000000002,5,2
8BB4,Q3R,https://www.rcsb.org/ligand/Q3R,CN1CCN(CC1)c2ccc(cc2NC(=O)c3cnc(O)cc3C(F)(F)F)c4ccc(cc4)C(=O)NCCCC(=O)N[C@H](C(=O)N5C[C@H](O)C[C@H]5C(=O)NCc6ccc(cc6)c7scnc7C)C(C)(C)C,998.1419999999995,71,7,15,6.228120000000006,12,6,209.43,5,2
8BB5,Q43,https://www.rcsb.org/ligand/Q43,CN1CCN(CC1)c2ccc(cc2NC(=O)c3cnc(O)cc3C(F)(F)F)c4ccc(cc4)C(=O)NCc5ccc(CC(=O)N[C@H](C(=O)N6C[C@H](O)C[C@H]6C(=O)NCc7ccc(cc7)c8scnc8C)C(C)(C)C)cc5,1060.2129999999995,76,8,15,7.190620000000008,12,6,209.43,6,2
8BDS,QIY,https://www.rcsb.org/ligand/QIY,Cc1ncsc1c2ccc(CNC(=O)[CH]3C[CH](O)CN3C(=O)[CH](NC(=O)C4(F)CC4)C(C)(C)C)c(OCCOc5ccc(CN6CCN(CC6)c7cc(nnc7N)c8ccccc8O)cc5)c2,936.1239999999995,67,8,16,5.254320000000005,14,5,208.60000000000002,5,3
8BDT,QLX,https://www.rcsb.org/ligand/QLX,CC(C)[C@@H](C(=O)N1C[C@H](O)C[C@H]1C(=O)N[C@@H](CC(=O)NCCOCCOCCOCCNC(=O)C[C@@H]2N=C(c3ccc(Cl)cc3)c4c(C)c(C)sc4n5c(C)nnc25)c6ccc(cc6)c7scnc7C)c8onc(C)c8,1097.7619999999997,76,8,24,6.84940000000001,17,4,237.51999999999992,6,2
8BDX,QIY,https://www.rcsb.org/ligand/QIY,Cc1ncsc1c2ccc(CNC(=O)[CH]3C[CH](O)CN3C(=O)[CH](NC(=O)C4(F)CC4)C(C)(C)C)c(OCCOc5ccc(CN6CCN(CC6)c7cc(nnc7N)c8ccccc8O)cc5)c2,936.1239999999995,67,8,16,5.254320000000005,14,5,208.60000000000002,5,3
8BEB,QIK,https://www.rcsb.org/ligand/QIK,CC(C)[C@@H](C(=O)N1C[C@H](O)C[C@H]1C(=O)N[C@@H](CC(=O)NCCCCNC(=O)C[C@@H]2N=C(c3ccc(Cl)cc3)c4c(C)c(C)sc4n5c(C)nnc25)c6ccc(cc6)c7scnc7C)c8onc(C)c8,993.6569999999996,69,8,17,7.579800000000009,14,4,209.82999999999993,6,2
8DSO,TOO,https://www.rcsb.org/ligand/TOO,CN[C@H](C)C(=O)N[C@@H](C1CCCCC1)C(=O)N2C[C@@H](C[C@H]2C(=O)N[C@@H]3CCCc4ccccc34)NC(=O)COCCN5CCN(CCCC(=O)N6CCC[C@H](C6)n7nc(c8ccc(Oc9ccccc9)cc8)c%10c(N)ncnc7%10)CC5,1108.4029999999993,81,10,21,5.3982000000000125,15,5,234.51,5,5
8QVU,WYL,https://www.rcsb.org/ligand/WYL,CC(C)[C@H](n1cc(OCCCCN2CCCN([C@@H](C)C2)c3nccc(n3)c4noc(n4)[C@@]5(C)CCCc6sc(N)c(C#N)c56)nn1)C(=O)N7C[C@H](O)C[C@H]7C(=O)N[C@@H](CO)c8ccc(cc8)c9scnc9C,1019.2719999999996,72,9,17,5.476200000000006,20,4,263.69,6,3
8QW6,Q4R,https://www.rcsb.org/ligand/X4R,C[C@H]1CN(CCCCCC(=O)N[C@H](C(=O)N2C[C@H](O)C[C@H]2C(=O)NCc3ccc(cc3)c4scnc4C)C(C)(C)C)CCCN1c5nccc(n5)c6noc(n6)[C@@]7(C)CCCc8sc(N)c(C#N)c78,977.274999999999,69,8,15,6.3863000000000065,16,4,232.61999999999995,5,3
8QW7,X53,https://www.rcsb.org/ligand/X53,CC(C)[C@@H](C(=O)N1C[C@H](O)C[C@H]1C(=O)NCc2ccc(cc2)c3scnc3C)c4onc(OCCCCN5CCCN([C@@H](C)C5)c6nccc(n6)c7noc(n7)[C@@]8(C)CCCc9sc(N)c(C#N)c89)c4,989.2419999999989,70,9,16,6.881800000000006,18,3,238.77999999999997,6,3
8RWZ,759,https://www.rcsb.org/ligand/759,CC1=C(SCN1)c2ccc(CNC(=O)[C@@H]3C[C@@H](O)CN3C(=O)[C@@H](NC(=O)COCCOCCOCCNC(=O)C[C@@H]4N=C(c5ccc(Cl)cc5)c6c(C)c(C)sc6n7c(C)nnc47)C(C)(C)C)cc2,1004.6769999999996,69,7,20,5.147160000000008,15,5,210.62999999999994,4,3
8FY0,YF8,https://www.rcsb.org/ligand/YF8,C[C@H](NC(=O)[C@@H]1C[C@@H]([O])CN1C(=O)[C@@H](NC(=O)CCCCCCC(=O)N2CCN(CC2)C[C@]3(C)CCC(=C(CN4CCN(CC4)c5ccc(cc5)C(=O)N[S](=O)(=O)c6ccc(N[C@H](CCN7CCOCC7)CSc8ccccc8)c(c6)[S](=O)(=O)C(F)(F)F)C3)c9ccc(Cl)cc9)C(C)(C)C)c%10ccc(cc%10)c%11scnc%11C,1640.514999999999,112,11,31,12.53831999999999,18,4,263.2099999999999,6,5
8FY1,YF8,https://www.rcsb.org/ligand/YF8,C[C@H](NC(=O)[C@@H]1C[C@@H]([O])CN1C(=O)[C@@H](NC(=O)CCCCCCC(=O)N2CCN(CC2)C[C@]3(C)CCC(=C(CN4CCN(CC4)c5ccc(cc5)C(=O)N[S](=O)(=O)c6ccc(N[C@H](CCN7CCOCC7)CSc8ccccc8)c(c6)[S](=O)(=O)C(F)(F)F)C3)c9ccc(Cl)cc9)C(C)(C)C)c%10ccc(cc%10)c%11scnc%11C,1640.514999999999,112,11,31,12.53831999999999,18,4,263.2099999999999,6,5
9B9W,A1ANN,https://www.rcsb.org/ligand/A1ANN,C[C@H]1CN(C[C@@H](C)N1C)c2ccc(cc2NC(=O)c3ccc(F)cc3C(F)(F)F)c4cc(ccc4F)C(=O)NCCOCCOCCOCCOCCOCCOCCNC(=O)/C=C/c5[nH]cc(C(=O)N[C@@H](CC(N)=O)c6ccc(F)c(Cl)c6)c5c7ccc(Cl)cc7F,1344.2199999999993,93,7,34,10.017300000000002,13,6,237.14,6,1
9DLW,A1BAF,https://www.rcsb.org/ligand/A1BAF,C[C@H]1CN(C[C@@H](C)N1C)c2ccc(cc2NC(=O)C3=CNC(=O)C=C3C(F)(F)F)c4cc(ccc4F)C(=O)NCCOCCOCCOCCOCCOCCOCCOCCOCCOCCNC(=O)\C=C\c5[nH]cc(C(=O)N[C@@H](CC(N)=O)c6ccc(F)c(Cl)c6)c5c7ccc(Cl)cc7F,1475.375999999999,102,7,43,8.616300000000008,17,7,297.68999999999994,6,1
6HM0,GBW,https://www.rcsb.org/ligand/GBW,COc1cc(cc(OC)c1CN2CCN(CCOCCOCC(=O)NC(C(=O)N3CC(O)CC3C(=O)NCc4ccc(cc4)c5scnc5C)C(C)(C)C)CC2)C6=CN(C)C(=O)c7cnccc67,953.1759999999996,68,7,19,4.009520000000007,15,3,189.91999999999996,5,2
6UUO,QH1,https://www.rcsb.org/ligand/QH1,CCC[S](=O)(=O)Nc1ccc(F)c(n2cc(c3cncnc3)c4nc(ccc24)N(C)C5CCN(CC5)C(C)=O)c1F,583.6650000000003,41,5,8,4.359500000000004,8,1,113.32,4,1
7KHL,WEM,https://www.rcsb.org/ligand/WEM,COC(=O)c1cc2N(Cc3c[nH]c4C(=O)N(C)C=C(c2cc1C[S](C)(=O)=O)c34)c5ncc(F)cc5F,514.5100000000003,36,5,4,3.189700000000002,8,1,114.36,4,1
7MEU,Z5D,https://www.rcsb.org/ligand/Z5D,OC(=O)/C(Cc1ccccc1[N+]([O-])=O)=N/Nc2scc(n2)c3ccc(cc3)c4ccccc4,458.49900000000014,33,4,8,5.480500000000004,7,2,117.72,4,0
8C13,SYF,https://www.rcsb.org/ligand/SYF,CC(=O)NCc1cc(ccc1OCCOCCOCCC(=O)N[C@H](C(=O)N2C[C@H](O)C[C@H]2C(=O)NCc3ccc(cc3)c4scnc4C)C(C)(C)C)c5cn6CCCc6n5,844.0479999999997,60,6,19,4.175520000000006,12,4,186.24,4,2
8PDF,Y5Q,https://www.rcsb.org/ligand/Y5Q,C[C@H](N1C[C@H](C=C)[C@H]2CCC[C@H](N2[S](=O)(=O)c3cc(Cl)cc(Cl)c3)C1=O)c4cn(CCOCCOCC(=O)N[C@H](C(=O)N5C[C@H](O)C[C@H]5C(=O)NCc6ccc(cc6)c7scnc7C)C(C)(C)C)nn4,1043.1099999999997,70,7,19,5.176520000000005,14,3,218.48999999999995,4,3
8OKC,VQN,https://www.rcsb.org/ligand/VQN,CC(C)C[C@@H](NC(=O)OCc1ccccc1)C(=O)N[C@@H](C[C@H]2CCNC2=O)\C=C/C(=O)N3CCN(CC3)CC4CCN(CC4)c5cc6C(=O)N([C@@H]7CCC(=O)NC7=O)C(=O)c6cc5F,885.0069999999996,64,7,15,2.4958000000000062,11,4,206.86999999999998,2,5
8OKB,VQR,https://www.rcsb.org/ligand/VQR,COC(=O)CC[C@@H](C[C@@H]1CCNC1=O)NC(=O)[C@H](CC(C)C)NC(=O)OCc2ccccc2,461.55900000000025,33,2,12,2.2917000000000005,6,3,122.83,1,1
9B9H,A1AM2,https://www.rcsb.org/ligand/A1AM2,C[C@@H]1CN(C[C@H](C)N1C)c2ccc(cc2NC(=O)C3=CNC(=O)C=C3C(F)(F)F)c4cc(ccc4F)C(=O)NCCOCCOCCOCCOCCNC(=O)/C=C/c5[nH]cc(C(=O)N[C@@H](CC(N)=O)c6ccc(F)c(Cl)c6)c5c7ccc(Cl)cc7F,1255.1109999999992,87,7,28,8.533300000000006,12,7,251.54,6,1
9B9T,A1ANM,https://www.rcsb.org/ligand/A1ANM,C[C@@H]1CN(C[C@H](C)N1C)c2ccc(cc2NC(=O)C3=CNC(=O)C=C3C(F)(F)F)c4cc(ccc4F)C(=O)NCCOCCOCCOCCOCCNC(=O)Cn5cc(cn5)c6[nH]cc(C(=O)N[C@@H](CC(N)=O)c7ccc(F)c(Cl)c7)c6c8ccc(Cl)cc8F,1309.1629999999989,91,8,29,8.383600000000007,14,7,269.36,7,1
